,RegionID,RegionName,SizeRank,2008-03,2008-04,2008-05,2008-06,2008-07,2008-08,2008-09,2008-10,2008-11,2008-12,2009-01,2009-02,2009-03,2009-04,2009-05,2009-06,2009-07,2009-08,2009-09,2009-10,2009-11,2009-12,2010-01,2010-02,2010-03,2010-04,2010-05,2010-06,2010-07,2010-08,2010-09,2010-10,2010-11,2010-12,2011-01,2011-02,2011-03,2011-04,2011-05,2011-06,2011-07,2011-08,2011-09,2011-10,2011-11,2011-12,2012-01,2012-02,2012-03,2012-04,2012-05,2012-06,2012-07,2012-08,2012-09,2012-10,2012-11,2012-12,2013-01,2013-02,2013-03,2013-04,2013-05,2013-06,2013-07,2013-08,2013-09,2013-10,2013-11,2013-12,2014-01,2014-02,2014-03,2014-04,2014-05,2014-06,2014-07,2014-08,2014-09,2014-10,2014-11,2014-12,2015-01,2015-02,2015-03,2015-04,2015-05,2015-06,2015-07,2015-08,2015-09,2015-10,2015-11,2015-12,2016-01,2016-02,2016-03,2016-04,2016-05,2016-06,2016-07,2016-08,2016-09,2016-10,2016-11,2016-12,2017-01,2017-02,2017-03,2017-04,2017-05,2017-06,2017-07,2017-08,2017-09,2017-10,2017-11,2017-12,2018-01,2018-02,2018-03,2018-04,2018-05,2018-06,2018-07,2018-08,2018-09,2018-10,2018-11,2018-12,2019-01,2019-02,2019-03,2019-04,2019-05,2019-06,2019-07,2019-08,2019-09,2019-10,2019-11,2019-12,2020-01,2020-02,2020-03
0,9,California,1,392500.0,373800.0,351800.0,334700.0,320100.0,306600.0,293300.0,279600.0,265600.0,255900.0,244700.0,238900.0,230200.0,223800.0,219800.0,223500.0,232200.0,239700.0,245900.0,249900.0,255500.0,261500.0,265600.0,266300.0,263800.0,260900.0,263500.0,263100.0,266100.0,262200.0,264200.0,260400.0,259300.0,258100.0,256900.0,256800.0,252600.0,250800.0,246200.0,243800.0,242600.0,243000.0,244400.0,243400.0,244300.0,244300.0,247300.0,247700.0,249100.0,253200.0,257900.0,261800.0,267100.0,271200.0,279500.0,283700.0,292900.0,301700.0,307000.0,309000.0,311800.0,320000.0,330400.0,339400.0,349100.0,353800.0,356500.0,356500.0,359500.0,363900.0,366300.0,368600.0,367600.0,369500.0,372200.0,373100.0,375200.0,376700.0,380000.0,380900.0,381100.0,383100.0,385300.0,389600.0,391500.0,394600.0,394000.0,395700.0,396700.0,399300.0,399300.0,399100.0,401100.0,407800.0,414000.0,413400.0,410100.0,409000.0,412600.0,414300.0,415200.0,416500.0,419300.0,419700.0,420300.0,420700.0,423900.0,424000.0,427300.0,427300.0,431700.0,434700,437600,439000,441500,448900,458900,465100,469200,472300,476400,479200,480800,482300,483600,483200,482800,484700,486200,486500,485900,488400,489900,493200,492200,493000,491900,491600,493800,498400,505600,513500,518700,524400,
1,54,Texas,2,139900.0,139300.0,137600.0,137400.0,137700.0,139500.0,139600.0,139200.0,137100.0,135000.0,133800.0,134600.0,136200.0,137200.0,137600.0,139300.0,141100.0,142800.0,143200.0,143100.0,142200.0,140600.0,139900.0,139800.0,141000.0,141300.0,139900.0,139200.0,139400.0,142200.0,142900.0,143200.0,143000.0,144600.0,144600.0,144200.0,142300.0,140500.0,139500.0,139600.0,140800.0,142000.0,142700.0,143900.0,144000.0,144700.0,143700.0,143400.0,143900.0,146500.0,148800.0,151100.0,151900.0,152500.0,152200.0,152700.0,153600.0,154100.0,153700.0,152600.0,153400.0,157100.0,161000.0,163900.0,165000.0,165900.0,166300.0,166500.0,167000.0,167400.0,165700.0,166400.0,166900.0,169100.0,169300.0,170000.0,170700.0,172500.0,173600.0,174400.0,174600.0,175800.0,177300.0,177900.0,179000.0,179200.0,180800.0,181900.0,183300.0,184300.0,184300.0,184500.0,184300.0,185500.0,186900.0,187900.0,188300.0,188700.0,190400.0,191900.0,193500.0,194200.0,195600.0,197400.0,199300.0,200000.0,200500.0,201400.0,202200.0,203400.0,203800.0,205000,205100,205700,206500,207500,208600,208900,210200,212500,214100,215300,215300,215500,215300,214400,214800,215300,216700,217700,217800,219100,220500,223300,224700,226100,226700,228100,229400,232700,234700,236800,237200,239900,
2,43,New York,3,,,,,,,,,,,,,,,,,,,,,,,,,,,,,,,,,,235400.0,237800.0,244400.0,250100.0,252800.0,246700.0,244300.0,241300.0,236200.0,235600.0,232200.0,229200.0,222500.0,220900.0,220700.0,225200.0,225700.0,228800.0,234400.0,235900.0,235100.0,234500.0,233900.0,237000.0,235800.0,237600.0,237000.0,238200.0,236300.0,242200.0,244500.0,250100.0,253500.0,261100.0,267800.0,265900.0,262600.0,258400.0,259500.0,256300.0,253200.0,251800.0,249000.0,243800.0,241700.0,242100.0,247500.0,247500.0,250000.0,250800.0,254300.0,253300.0,252400.0,248200.0,249000.0,243700.0,247000.0,248700.0,255100.0,257200.0,256800.0,251500.0,246600.0,249400.0,255200.0,252100.0,252100.0,251500.0,258800.0,257000.0,257100.0,256100.0,254300.0,253300.0,256300.0,258800.0,263800.0,262500.0,264100,262600,263800,267300,270400,272100,267800,266300,268500,273300,280500,282000,283200,282800,282600,282400,282100,284400,288600,290200,289700,285700,287900,287500,297000,298100,301700,295100,296000,297100,305400,308800,324800,342500.0
3,14,Florida,4,203400.0,195500.0,189300.0,184800.0,181700.0,178100.0,172700.0,167100.0,161900.0,155600.0,149300.0,144100.0,138600.0,133500.0,128100.0,125600.0,126300.0,127200.0,128700.0,128400.0,129300.0,129300.0,128800.0,127600.0,125500.0,124400.0,122200.0,121000.0,118100.0,115700.0,113500.0,114000.0,115300.0,116500.0,113600.0,110200.0,107700.0,108400.0,110600.0,112400.0,114400.0,114600.0,114500.0,113600.0,114300.0,115800.0,117500.0,117800.0,118200.0,119900.0,121100.0,122500.0,121600.0,122300.0,122700.0,124600.0,126700.0,129900.0,132200.0,133300.0,133200.0,134800.0,136900.0,139700.0,141600.0,144200.0,144900.0,145200.0,145600.0,146800.0,147500.0,147200.0,146900.0,147300.0,147800.0,148500.0,149900.0,151300.0,153100.0,154500.0,156300.0,157500.0,158100.0,158500.0,160200.0,161700.0,164300.0,165200.0,166000.0,166300.0,167300.0,168800.0,169100.0,169900.0,172200.0,174600.0,176400.0,176800.0,177800.0,178800.0,179900.0,181300.0,182600.0,183800.0,184200.0,185000.0,186800.0,189600.0,191600.0,192300.0,192600.0,193400,195100,196600,197900,199000,200500,203000,206500,211800,215800,217700,215900,215100,214900,216500,217400,219300,221900,223600,224600,225800,225300,224400,223800,224600,226100,227000,228900,230800,234400,238100,243300,247600,
4,21,Illinois,5,204400.0,198400.0,185000.0,177500.0,174300.0,176300.0,176900.0,177400.0,173800.0,172400.0,166800.0,164500.0,159400.0,154800.0,149100.0,144700.0,145400.0,151000.0,155300.0,158600.0,156800.0,159500.0,161900.0,164700.0,160300.0,154600.0,149500.0,149500.0,148000.0,147300.0,143800.0,145100.0,145200.0,147200.0,147000.0,145900.0,141500.0,135600.0,130900.0,129800.0,131600.0,134500.0,135500.0,134700.0,131800.0,131500.0,130600.0,130400.0,130700.0,130500.0,131900.0,132400.0,133800.0,135000.0,134100.0,133500.0,132700.0,132400.0,132700.0,132700.0,132800.0,133100.0,135300.0,139400.0,143800.0,147400.0,150000.0,153600.0,154100.0,156000.0,154400.0,155300.0,152700.0,151900.0,152000.0,154700.0,157000.0,158500.0,160800.0,162700.0,162700.0,162700.0,161800.0,163500.0,162900.0,163900.0,163000.0,162700.0,162200.0,161500.0,161100.0,159700.0,156200.0,154800.0,153200.0,154900.0,155700.0,157400.0,159100.0,159600.0,159300.0,160000.0,159500.0,161400.0,161600.0,164600.0,165300.0,167200.0,169000.0,170100.0,170300.0,168400,166300,166500,166200,168700,170300,172600,175900,178800,183400,184600,183400,184900,185400,185200,182100,181200,183400,182500,184200,188500,195700,199000,198700,195900,192000,189500,188100,190000,191300,194600,195100,200200,210300.0
5,47,Pennsylvania,6,146400.0,144800.0,142500.0,138800.0,138800.0,140300.0,141300.0,139900.0,136900.0,134700.0,133800.0,134300.0,136500.0,137000.0,136400.0,135300.0,135100.0,136700.0,138700.0,140000.0,142000.0,143000.0,142100.0,141600.0,142300.0,143900.0,142800.0,139100.0,136500.0,134000.0,133100.0,133300.0,135700.0,137500.0,137900.0,137900.0,136900.0,134700.0,131700.0,130300.0,131000.0,131700.0,131300.0,131400.0,131500.0,133400.0,135400.0,137300.0,137400.0,137900.0,138200.0,138700.0,138300.0,138000.0,137700.0,137400.0,138500.0,140400.0,141600.0,141900.0,140900.0,141500.0,140600.0,140700.0,141600.0,142300.0,142800.0,141900.0,140900.0,140600.0,140100.0,141200.0,141500.0,140000.0,139000.0,138600.0,140000.0,141200.0,141700.0,141600.0,141600.0,142300.0,142800.0,142600.0,143600.0,143900.0,144400.0,143700.0,144700.0,145500.0,146100.0,146100.0,145200.0,144500.0,145200.0,146500.0,146800.0,147200.0,147500.0,149100.0,149200.0,148800.0,148500.0,149000.0,149700.0,150600.0,150700.0,151800.0,152900.0,153600.0,153800.0,154800,156000,156400,155500,156100,156600,157500,159000,159400,162900,161600,161900,159600,159400,158800,158500,158400,161100,161500,163400,165500,167600,169100,168200,168600,168700,168500,168800,169600,172100,173300,176500,180800,
6,44,Ohio,7,110700.0,108700.0,107800.0,107400.0,107600.0,107200.0,105500.0,102500.0,95800.0,89900.0,85900.0,85500.0,86800.0,88900.0,92000.0,95600.0,99300.0,102000.0,104500.0,106400.0,108400.0,107900.0,105100.0,103600.0,103600.0,104100.0,105700.0,105800.0,102300.0,97100.0,92800.0,93400.0,94400.0,98000.0,98000.0,94900.0,88700.0,86400.0,87600.0,92000.0,94800.0,95900.0,94300.0,93400.0,92400.0,93300.0,92100.0,91300.0,90900.0,93100.0,96600.0,99100.0,102700.0,104600.0,104800.0,103600.0,103100.0,103900.0,103900.0,101600.0,100500.0,99100.0,102900.0,106300.0,110500.0,111400.0,110600.0,108200.0,108500.0,107400.0,108400.0,107200.0,108900.0,109600.0,111100.0,112800.0,115600.0,116900.0,116900.0,116100.0,115400.0,115800.0,112900.0,113000.0,112900.0,115300.0,117100.0,117700.0,119400.0,119400.0,119700.0,119600.0,116800.0,116500.0,116000.0,120000.0,121000.0,123600.0,123400.0,123200.0,122100.0,121800.0,122100.0,123500.0,124300.0,125400.0,126400.0,126900.0,127200.0,127200.0,126500.0,126400,125300,126700,127700,129500,130700,131900,133300,135900,136200,135500,133100,132100,132100,132300,132800,133700,134300,135900,137200,139600,141300,141200,141100,140300,141300,140600,140600,140900,142300,145200,146900,152000,
7,30,Michigan,8,97800.0,94800.0,90200.0,85800.0,85400.0,85100.0,84500.0,81500.0,75100.0,70100.0,63700.0,61000.0,57300.0,55300.0,54600.0,54200.0,57900.0,61500.0,65700.0,67800.0,69700.0,73000.0,73500.0,73000.0,70200.0,70300.0,71300.0,71900.0,70700.0,67700.0,65700.0,64600.0,63700.0,64500.0,65800.0,66400.0,64800.0,62100.0,61300.0,62000.0,64500.0,67200.0,68200.0,67400.0,59900.0,61400.0,62200.0,68300.0,65700.0,66600.0,68900.0,71700.0,73000.0,75800.0,77300.0,77300.0,65100.0,65800.0,67500.0,81200.0,83400.0,85500.0,87400.0,89100.0,93900.0,97900.0,101300.0,100300.0,86400.0,84900.0,84700.0,97700.0,97300.0,98600.0,101000.0,105800.0,109700.0,112000.0,114100.0,113400.0,98400.0,93200.0,95700.0,110700.0,116000.0,116700.0,119400.0,121400.0,122600.0,122800.0,122800.0,120500.0,109300.0,109100.0,112100.0,125500.0,127700.0,128300.0,128000.0,127500.0,127900.0,128700.0,129600.0,132400.0,133400.0,135400.0,134900.0,137000.0,136300.0,137100.0,135100.0,135800,135200,136400,137100,139500,141300,143200,143900,146100,147400,147300,145400,143600,143700,144400,144900,144200,143900,144600,146900,152100,155200,156200,153300,151200,151600,152700,153700,154300,155200,157700,160400,170100,
8,16,Georgia,9,143200.0,139100.0,135300.0,133300.0,132300.0,134000.0,132900.0,132200.0,127800.0,123700.0,122000.0,121600.0,121000.0,117900.0,115000.0,114900.0,117300.0,120800.0,124000.0,126000.0,127800.0,128000.0,127000.0,123100.0,119500.0,117100.0,116900.0,116400.0,114700.0,113100.0,113600.0,115100.0,115700.0,114600.0,113700.0,109600.0,105900.0,101100.0,98800.0,97300.0,97400.0,97300.0,95800.0,93200.0,93300.0,93500.0,93400.0,92700.0,93400.0,95500.0,96100.0,96600.0,97900.0,100000.0,101800.0,101900.0,104200.0,108200.0,110100.0,112000.0,113300.0,117900.0,120500.0,123000.0,124600.0,126400.0,125900.0,126400.0,125900.0,127400.0,126500.0,128000.0,127200.0,129300.0,131500.0,134900.0,137300.0,138100.0,137800.0,138400.0,139100.0,142500.0,141700.0,143900.0,143900.0,151700.0,152800.0,154400.0,150800.0,151900.0,152800.0,153400.0,153800.0,153700.0,154400.0,154400.0,155400.0,155900.0,156700.0,156000.0,156800.0,156800.0,158100.0,158600.0,161600.0,161600.0,162600.0,161500.0,164500.0,165000.0,166300.0,165900,166800,166800,168500,170500,173000,174200,174800,177800,178700,180900,179500,180300,179800,179100,181500,182900,186700,186700,188900,190500,191900,192700,194200,195600,197600,197800,199800,199600,202700,204900,208100,212500,
9,36,North Carolina,10,154400.0,151500.0,147500.0,145900.0,146300.0,145600.0,144700.0,145400.0,142900.0,141900.0,140900.0,146300.0,147900.0,145900.0,142200.0,140900.0,143200.0,144100.0,145100.0,145700.0,146700.0,146400.0,149000.0,149100.0,149300.0,145000.0,143000.0,142400.0,142900.0,142500.0,142900.0,143100.0,144300.0,145300.0,145000.0,144600.0,142000.0,140000.0,138000.0,137700.0,137800.0,138700.0,137600.0,137900.0,137700.0,139800.0,140900.0,141900.0,142300.0,141500.0,141100.0,141100.0,142000.0,142400.0,141400.0,141900.0,142300.0,145400.0,145900.0,146600.0,145500.0,146200.0,146600.0,147200.0,147900.0,148100.0,148300.0,148400.0,148300.0,149800.0,150300.0,150800.0,149300.0,148000.0,148900.0,149200.0,150800.0,151000.0,152700.0,153200.0,153400.0,154200.0,157700.0,162400.0,163900.0,163200.0,162900.0,163300.0,163700.0,162500.0,162700.0,162600.0,162800.0,163400.0,166100.0,166600.0,166000.0,164400.0,164900.0,166600.0,167100.0,168800.0,169300.0,171200.0,171500.0,171600.0,171600.0,171600.0,173400.0,173000.0,172500.0,172500,173800,174600,174300,175000,177300,179200,183200,187200,191200,190400,188600,187100,188000,188600,189700,190700,192100,192500,193700,196100,198400,199800,199600,199700,201100,202100,205200,206200,209900,212700,216100,221900,
10,40,New Jersey,11,328900.0,330000.0,321900.0,308500.0,302800.0,300200.0,298200.0,294800.0,294000.0,293200.0,289000.0,286500.0,288000.0,285400.0,280500.0,271400.0,269600.0,269600.0,269800.0,271700.0,272300.0,272100.0,272700.0,275200.0,281800.0,282400.0,278300.0,272800.0,271700.0,272000.0,270300.0,268400.0,269700.0,273700.0,273800.0,274400.0,272200.0,270200.0,265300.0,263400.0,264700.0,263000.0,261400.0,257100.0,254600.0,253700.0,252100.0,254700.0,256600.0,261300.0,258700.0,258000.0,256300.0,257800.0,255800.0,256200.0,256900.0,257300.0,257700.0,259100.0,260900.0,262200.0,263700.0,265400.0,267900.0,272900.0,273700.0,274500.0,270400.0,271000.0,270800.0,270300.0,273000.0,271300.0,272600.0,269600.0,272600.0,275000.0,273300.0,270500.0,269700.0,272100.0,272700.0,271600.0,271000.0,272200.0,270900.0,270900.0,268700.0,268300.0,267300.0,267600.0,269400.0,266700.0,263800.0,261900.0,263800.0,263800.0,261800.0,261700.0,262500.0,265000.0,266500.0,268000.0,267000.0,269700.0,268900.0,270900.0,266800.0,268000.0,266500.0,265100,261700,260200,263000,265100,266000,265000,266600,267000,268400,273200,275800,276700,273300,272600,271300,270100,270100,272800,276600,280200,282700,285500,287100,287000,287900,288600,290700,293900,303300,311600,316000,312100,
11,56,Virginia,12,248900.0,244700.0,237800.0,232000.0,230700.0,231200.0,230800.0,228600.0,223400.0,219400.0,217200.0,217900.0,217500.0,214000.0,211400.0,209400.0,211300.0,215500.0,221200.0,224700.0,223400.0,223500.0,224600.0,227100.0,225400.0,222600.0,218600.0,215300.0,218100.0,223400.0,229300.0,227900.0,226500.0,227300.0,224300.0,220500.0,212600.0,209900.0,205000.0,204700.0,209900.0,216600.0,220900.0,216200.0,213300.0,210600.0,210500.0,209400.0,210800.0,216000.0,220800.0,223700.0,225800.0,227900.0,231700.0,232800.0,237500.0,235900.0,235300.0,229900.0,231300.0,233000.0,237200.0,242600.0,244100.0,247300.0,244500.0,246700.0,243700.0,243100.0,237500.0,235300.0,234900.0,236700.0,236800.0,237700.0,238000.0,240600.0,240100.0,241300.0,241100.0,242900.0,243200.0,245700.0,245800.0,246900.0,246300.0,246500.0,247000.0,246800.0,245800.0,244400.0,239900.0,240500.0,241900.0,244500.0,243000.0,241700.0,242000.0,242300.0,243600.0,243800.0,245100.0,246500.0,248200.0,248300.0,249500.0,250800.0,250800.0,251300.0,251000.0,252600,254200,254400,254000,252300,253200,253600,254500,255300,257000,259400,259100,260300,258300,257800,256900,257400,258600,258600,262900,265300,267900,267200,268300,268100,268200,268900,272600,274700,275600,276200,275500,279900,
12,59,Washington,13,284500.0,278000.0,269100.0,261100.0,257100.0,256900.0,254800.0,253900.0,250800.0,253000.0,256100.0,259900.0,256100.0,248600.0,238300.0,235900.0,233800.0,236800.0,237200.0,238400.0,237200.0,238400.0,243900.0,248800.0,249500.0,244300.0,237700.0,232100.0,234800.0,237700.0,239700.0,235400.0,234600.0,237300.0,237900.0,238400.0,232900.0,227600.0,220100.0,214700.0,211600.0,209800.0,209600.0,208300.0,208100.0,209100.0,208900.0,206900.0,204400.0,208100.0,212000.0,218500.0,219600.0,223300.0,225500.0,229300.0,231500.0,232700.0,233200.0,233400.0,235400.0,237400.0,238900.0,239000.0,240800.0,244100.0,245800.0,245400.0,243200.0,243300.0,243600.0,245700.0,246300.0,247400.0,246900.0,248300.0,250600.0,252900.0,254800.0,255700.0,255600.0,255600.0,257600.0,260800.0,263400.0,265400.0,267800.0,269100.0,269100.0,270000.0,271300.0,274100.0,275000.0,278400.0,281000.0,282900.0,283700.0,284700.0,286900.0,288900.0,291300.0,294400.0,296400.0,298300.0,300500.0,302500.0,307000.0,308400.0,311000.0,310700.0,311800.0,315400,317800,321200,323100,326800,331400,333800,335800,340700,346800,351800,350600,348500,345700,343900,344100,345100,347900,350500,357500,364800,370200,371800,370900,369000,367800,369600,371700,374700,377400,384600,396100,408400,
13,26,Massachusetts,14,314500.0,308200.0,296700.0,291300.0,287400.0,286300.0,283200.0,282000.0,274200.0,268300.0,260000.0,263100.0,261600.0,264400.0,261800.0,265500.0,268400.0,272200.0,274800.0,274000.0,270300.0,273600.0,278600.0,287600.0,287200.0,286700.0,280400.0,281800.0,283200.0,289700.0,287500.0,286500.0,283800.0,282700.0,272500.0,262500.0,256500.0,261200.0,271100.0,280400.0,286300.0,285800.0,283900.0,279700.0,275400.0,271900.0,269200.0,270900.0,273800.0,279900.0,282400.0,287900.0,290900.0,291500.0,285800.0,281800.0,281500.0,286200.0,285500.0,293000.0,293300.0,302500.0,301900.0,307100.0,309400.0,312500.0,314400.0,313200.0,308700.0,306700.0,309100.0,316100.0,318400.0,316700.0,315900.0,316100.0,318200.0,317700.0,316700.0,316300.0,315500.0,317400.0,319200.0,327700.0,328400.0,326600.0,319400.0,319100.0,321400.0,324400.0,325200.0,326400.0,325600.0,327600.0,326300.0,326800.0,325100.0,328000.0,328300.0,329400.0,329700.0,330600.0,331600.0,333100.0,334700.0,336100.0,337900.0,340800.0,343600.0,344200.0,345500.0,346500,347200,346700,349300,352300,355300,355700,356200,365800,367400,372600,367300,370900,369800,370400,368100,368200,370600,368400,369400,377400,387600,389300,384000,382300,384200,383700,384100,386500,386500,390700,392800,404500,
14,22,Indiana,15,107000.0,106000.0,104700.0,105700.0,106000.0,105900.0,103600.0,102500.0,100000.0,99300.0,95200.0,94200.0,93800.0,96800.0,98700.0,101100.0,103700.0,105900.0,106700.0,105800.0,105800.0,105900.0,101900.0,99200.0,99400.0,104800.0,108200.0,108900.0,107100.0,105800.0,104300.0,104100.0,104000.0,104900.0,103800.0,102600.0,100700.0,102200.0,101900.0,102000.0,102700.0,104000.0,106000.0,104500.0,103400.0,101800.0,99800.0,99300.0,99500.0,104300.0,107300.0,110600.0,110100.0,111600.0,111200.0,113000.0,112600.0,113100.0,111400.0,109800.0,108800.0,110300.0,113300.0,116400.0,118600.0,119500.0,118100.0,117200.0,115600.0,115600.0,109200.0,105700.0,102000.0,105700.0,108300.0,112900.0,116200.0,118600.0,120100.0,120200.0,120100.0,120500.0,119600.0,119500.0,119400.0,121800.0,123900.0,126600.0,127300.0,127300.0,125400.0,124000.0,124900.0,125900.0,126800.0,127000.0,127000.0,128200.0,128600.0,129500.0,130300.0,130900.0,131700.0,132600.0,133100.0,133100.0,133500.0,134800.0,135200.0,134900.0,134200.0,135500,136400,137300,136600,137700,139000,140700,142700,143500,144700,144200,144700,144700,145600,146300,146600,146600,147000,147200,148600,150400,153300,153200,153100,153400,154500,156000,156700,159200,160500,161300,160300,162300,
15,8,Arizona,16,220200.0,212200.0,204000.0,198600.0,193000.0,188000.0,181200.0,175000.0,167100.0,158000.0,148700.0,140400.0,133400.0,127200.0,123200.0,124500.0,128200.0,132300.0,133900.0,133100.0,134400.0,133300.0,134100.0,132800.0,132900.0,132500.0,130700.0,129700.0,128200.0,126700.0,125600.0,123700.0,122500.0,118800.0,118300.0,117500.0,117000.0,114400.0,110800.0,110700.0,110300.0,111900.0,113300.0,114400.0,117700.0,119000.0,117300.0,114400.0,114100.0,118300.0,122200.0,124400.0,126400.0,129400.0,131100.0,134200.0,137100.0,140300.0,141900.0,142500.0,143900.0,146100.0,148300.0,151400.0,153700.0,154700.0,154700.0,155300.0,155200.0,157300.0,157100.0,157800.0,157300.0,158100.0,158400.0,157200.0,157800.0,158700.0,161600.0,162000.0,162600.0,163200.0,163500.0,165500.0,167500.0,170200.0,172200.0,173100.0,173600.0,173900.0,175400.0,177000.0,178400.0,180700.0,182400.0,184100.0,184300.0,185400.0,186700.0,189100.0,190000.0,192100.0,193100.0,195800.0,198400.0,198700.0,200200.0,200700.0,203200.0,203300.0,204500.0,204400,206200,206900,209800,210800,214200,216200,221200,223500,225400,225500,224100,225200,227500,230400,231600,232500,233700,233600,235500,236500,239300,238600,240300,241200,244100,244800,247200,249500,252500,255100,259300,265800,
16,53,Tennessee,17,118500.0,118900.0,118300.0,117700.0,117100.0,116700.0,115400.0,113300.0,110400.0,107800.0,107600.0,109700.0,111500.0,113000.0,112200.0,113900.0,113800.0,115400.0,115500.0,116400.0,116900.0,115800.0,114500.0,113300.0,114500.0,115500.0,116900.0,116000.0,113200.0,111200.0,110600.0,112100.0,112500.0,114500.0,114800.0,114800.0,113100.0,112300.0,111500.0,110300.0,110700.0,112000.0,112300.0,111700.0,110800.0,112500.0,111300.0,111200.0,110300.0,113400.0,114600.0,115200.0,114300.0,114600.0,115500.0,116600.0,116400.0,117600.0,117200.0,117500.0,116600.0,118700.0,121000.0,123700.0,125300.0,125000.0,123900.0,122900.0,123700.0,124400.0,122700.0,123500.0,124200.0,127400.0,128100.0,129300.0,130700.0,131500.0,131800.0,133000.0,134100.0,136300.0,136000.0,136600.0,136500.0,137100.0,137900.0,138500.0,139900.0,139800.0,140000.0,140100.0,140800.0,141300.0,142000.0,142800.0,143200.0,144300.0,145700.0,147700.0,148900.0,151100.0,152100.0,154300.0,153800.0,154300.0,154400.0,156100.0,157100.0,158600.0,158100.0,159300,160100,163500,165400,166100,168000,168900,171200,171900,173400,173100,172800,172400,172800,173300,173100,174200,175600,178000,180400,182400,182300,183100,183400,187500,188700,190700,190800,193200,195600,199600,202600,207400,
17,32,Missouri,18,132700.0,130800.0,125300.0,122900.0,123500.0,123700.0,123900.0,122600.0,119800.0,116600.0,115000.0,119500.0,122100.0,122500.0,118500.0,117800.0,119300.0,121000.0,123000.0,124300.0,125000.0,124800.0,124400.0,125300.0,125400.0,124000.0,122000.0,121600.0,120000.0,118400.0,117100.0,116700.0,115500.0,115100.0,116000.0,116800.0,113700.0,111300.0,109900.0,110700.0,112600.0,112800.0,112700.0,111700.0,113200.0,113500.0,112000.0,113600.0,113600.0,115700.0,114600.0,116300.0,116800.0,117500.0,118600.0,119100.0,117600.0,118000.0,115400.0,118200.0,117200.0,121000.0,121200.0,124200.0,127700.0,128600.0,129100.0,128100.0,127800.0,127100.0,126100.0,126800.0,126800.0,127900.0,127400.0,129300.0,131400.0,133700.0,133700.0,132800.0,133000.0,133400.0,134900.0,137200.0,139200.0,140500.0,140300.0,140500.0,140700.0,140800.0,139900.0,140200.0,139200.0,140700.0,141300.0,142800.0,142000.0,142100.0,142500.0,143900.0,144100.0,144000.0,145100.0,145600.0,146700.0,145200.0,145700.0,150500.0,152000.0,152000.0,147100.0,146300,146300,146500,147800,148900,150200,151500,153700,160000,161100,160900,155900,154100,153100,152400,152700,153900,155800,157700,161900,166700,168800,166800,163900,163800,163500,163300,163400,165800,166700,168300,168800,177200,
18,27,Maryland,19,269100.0,266800.0,261500.0,255500.0,250200.0,249500.0,249500.0,250600.0,251100.0,249500.0,246700.0,245600.0,244900.0,244000.0,235900.0,232600.0,225300.0,229300.0,228400.0,232300.0,228900.0,230600.0,230800.0,230700.0,227000.0,222300.0,218200.0,214800.0,211600.0,208900.0,207800.0,209900.0,212900.0,212900.0,213900.0,217300.0,215300.0,211500.0,202500.0,203000.0,202900.0,207700.0,206600.0,205800.0,207000.0,209200.0,212700.0,208400.0,209200.0,209600.0,216300.0,219500.0,220200.0,219900.0,214600.0,219000.0,222200.0,226200.0,227300.0,221000.0,220200.0,218800.0,224000.0,229300.0,235800.0,238500.0,238200.0,232900.0,233000.0,233700.0,235900.0,235600.0,237800.0,236600.0,238900.0,238900.0,240200.0,237900.0,236800.0,237100.0,237200.0,238900.0,236100.0,235600.0,233400.0,236400.0,235100.0,238900.0,240000.0,241600.0,239900.0,237800.0,237000.0,238700.0,236800.0,240200.0,240800.0,245400.0,245200.0,245000.0,247800.0,248700.0,248100.0,249400.0,248800.0,248600.0,247000.0,250800.0,252300.0,253400.0,253800.0,254000,253100,251000,255100,256700,260600,260200,262000,260400,261800,261400,262100,261600,260100,261800,263800,265500,264700,262900,263100,262700,263800,266100,271400,273500,273900,271900,270600,272100,276000,279600,279500,283000,
19,60,Wisconsin,20,156100.0,152500.0,149800.0,146500.0,145700.0,144700.0,144800.0,144000.0,143700.0,142000.0,140700.0,140800.0,140400.0,137600.0,134500.0,132800.0,132900.0,133400.0,134100.0,135400.0,135800.0,138100.0,138200.0,140500.0,140100.0,137400.0,133900.0,131500.0,132000.0,131800.0,130900.0,130500.0,131700.0,133200.0,136200.0,135800.0,132900.0,126900.0,124400.0,124700.0,125800.0,126300.0,126700.0,127600.0,127800.0,127100.0,127500.0,125600.0,125300.0,124800.0,125900.0,126800.0,127900.0,129700.0,130900.0,130900.0,129700.0,130200.0,133100.0,135200.0,135900.0,134500.0,134500.0,136700.0,139400.0,141700.0,141600.0,139000.0,138100.0,137600.0,137100.0,135700.0,135100.0,135400.0,137500.0,138800.0,141500.0,142400.0,144200.0,142500.0,142600.0,143400.0,146800.0,147800.0,147600.0,148000.0,149400.0,149700.0,149900.0,149700.0,149200.0,150000.0,149200.0,149700.0,149000.0,152000.0,154800.0,156500.0,155300.0,154900.0,154000.0,154300.0,154700.0,156300.0,157600.0,158300.0,158700.0,158700.0,158900.0,159000.0,160400.0,160700,161500,162200,163000,164300,165400,166800,168800,171700,173600,173900,172200,172100,171500,171300,171000,172500,175100,175900,175100,177600,179800,183200,183200,182400,181100,180500,180300,182500,183000,187100,192400,197200,
20,31,Minnesota,21,189200.0,183500.0,179200.0,174200.0,173200.0,172100.0,174100.0,173100.0,172100.0,168700.0,166200.0,163300.0,160000.0,153100.0,150000.0,148400.0,152400.0,155000.0,158800.0,159800.0,160100.0,160100.0,159900.0,158600.0,156900.0,155700.0,153500.0,151500.0,152500.0,153300.0,153700.0,152200.0,152900.0,153900.0,152100.0,149400.0,144300.0,139800.0,136600.0,136500.0,139100.0,139800.0,139800.0,139800.0,139700.0,139700.0,139900.0,138600.0,138700.0,138500.0,141000.0,143600.0,147500.0,150700.0,153100.0,153300.0,154100.0,155700.0,156400.0,155400.0,154300.0,154500.0,157600.0,160400.0,164600.0,167200.0,168800.0,169700.0,170900.0,171100.0,169700.0,168200.0,167500.0,167500.0,169700.0,171700.0,174700.0,176600.0,176800.0,176800.0,176700.0,179500.0,180400.0,182500.0,183700.0,186700.0,187400.0,188000.0,187900.0,188300.0,189300.0,189300.0,190900.0,192100.0,194100.0,194100.0,194000.0,194600.0,197000.0,198000.0,198800.0,198700.0,200200.0,201400.0,202000.0,201900.0,202000.0,202700.0,204500.0,205800.0,207600.0,207900,208700,209000,210600,211800,213400,213600,216600,220100,223900,224100,222600,221400,219800,218100,217900,221000,225300,227500,229000,231500,236300,237100,237800,235600,236700,236800,238400,240600,243100,245800,249200,253800,
21,10,Colorado,22,201300.0,198800.0,197200.0,196500.0,198300.0,200000.0,199400.0,197100.0,191100.0,185500.0,178300.0,175500.0,175600.0,179500.0,182700.0,187000.0,190500.0,196700.0,197800.0,200300.0,197700.0,198900.0,197300.0,197800.0,197500.0,198200.0,198200.0,196800.0,198900.0,203100.0,206900.0,207200.0,204800.0,203700.0,199100.0,195700.0,191400.0,190300.0,190600.0,190600.0,191500.0,192500.0,194600.0,194800.0,195600.0,195100.0,194500.0,190700.0,191800.0,197100.0,205900.0,212100.0,215900.0,219000.0,220600.0,222300.0,222700.0,223200.0,221900.0,219800.0,220400.0,225300.0,230000.0,233400.0,234200.0,234900.0,235400.0,235400.0,235200.0,234400.0,232900.0,232300.0,233400.0,236800.0,240500.0,242400.0,244400.0,246100.0,248800.0,250000.0,252300.0,253400.0,256400.0,257300.0,260900.0,262800.0,266400.0,267400.0,269300.0,270800.0,272700.0,274900.0,277400.0,280100.0,282800.0,283700.0,284800.0,285300.0,288700.0,291900.0,296200.0,298600.0,301000.0,303600.0,306000.0,308400.0,309700.0,312100.0,314100.0,317500.0,318700.0,321100,320300,323200,324800,329400,332400,336800,338300,341200,343300,349500,351100,352200,349500,351000,351800,353400,354300,356500,358200,360600,361000,363700,366100,366500,366700,366900,370600,373200,376200,378500,381800,383500,388700.0
22,4,Alabama,23,122400.0,122800.0,119400.0,118400.0,116300.0,116200.0,112500.0,109900.0,106300.0,106300.0,105200.0,108900.0,110300.0,111400.0,111300.0,112700.0,114900.0,114100.0,112400.0,113100.0,114900.0,118200.0,118500.0,117200.0,114500.0,111500.0,110500.0,109200.0,106300.0,104200.0,102800.0,103200.0,104100.0,105800.0,106800.0,107600.0,104300.0,103200.0,103000.0,105200.0,105900.0,107000.0,105900.0,107900.0,105200.0,106100.0,105300.0,106800.0,107400.0,107200.0,109300.0,110900.0,113800.0,114400.0,114300.0,113100.0,112100.0,114000.0,115200.0,115700.0,114000.0,111700.0,112500.0,114500.0,118200.0,119800.0,119100.0,118900.0,118100.0,119400.0,118000.0,117200.0,115600.0,115200.0,115100.0,115800.0,117200.0,119900.0,120800.0,122300.0,122600.0,122200.0,122400.0,123200.0,124700.0,125500.0,125700.0,125500.0,125200.0,122900.0,122400.0,121600.0,121900.0,122900.0,124000.0,126000.0,126100.0,128300.0,129600.0,131900.0,132500.0,132200.0,131200.0,131500.0,132300.0,132900.0,132600.0,131700.0,132800.0,132800.0,134300.0,134200,136000,137800,139700,141200,142400,144400,147000,152700,155300,154900,150100,146700,145300,144300,147100,147800,149600,148400,151000,153800,155800,156400,155800,155200,153500,154500,156500,160100,163900,167400,169300,168800,
23,51,South Carolina,24,134300.0,136000.0,134800.0,134000.0,133400.0,132800.0,131700.0,129300.0,126500.0,124400.0,123100.0,122700.0,122900.0,124500.0,124200.0,124300.0,125100.0,128000.0,128600.0,129200.0,129400.0,131000.0,130600.0,128600.0,128100.0,128400.0,128400.0,125700.0,122800.0,123700.0,124800.0,126000.0,126900.0,126400.0,127200.0,124800.0,123600.0,120500.0,119600.0,120000.0,123100.0,125600.0,125200.0,123500.0,121000.0,122200.0,122600.0,121700.0,120500.0,119600.0,122900.0,125300.0,126700.0,126200.0,127100.0,126900.0,127300.0,127400.0,128900.0,130100.0,128400.0,129300.0,130700.0,133500.0,134600.0,134900.0,134700.0,134300.0,134500.0,134200.0,134200.0,133100.0,133600.0,134600.0,136700.0,139800.0,141400.0,142200.0,141200.0,142100.0,143600.0,145400.0,144600.0,144800.0,146800.0,148200.0,148500.0,148700.0,152000.0,154400.0,155600.0,156000.0,154600.0,156000.0,157300.0,158600.0,158200.0,156800.0,158200.0,158400.0,158800.0,159100.0,159800.0,160400.0,160000.0,158900.0,160000.0,163100.0,164800.0,165700.0,164200.0,163800,162800,163200,164600,165300,167700,170200,174200,176800,177900,177600,176100,175600,174300,174000,176100,178000,179400,179100,179600,180700,181400,183700,184800,185400,186300,187500,188000,186800,187100,190400,193500,197000,
24,25,Louisiana,25,137100.0,134900.0,137300.0,136800.0,139900.0,141200.0,140400.0,139500.0,137300.0,136500.0,136100.0,139900.0,141900.0,142400.0,140800.0,141900.0,143600.0,143200.0,143100.0,143600.0,146200.0,144800.0,143600.0,142000.0,142000.0,141100.0,140900.0,141700.0,140400.0,138400.0,136000.0,137800.0,140900.0,143200.0,143400.0,140000.0,135500.0,132000.0,131900.0,136100.0,137200.0,138800.0,137100.0,137700.0,136600.0,135000.0,134000.0,132300.0,132200.0,134400.0,136400.0,139300.0,138900.0,138700.0,139600.0,142100.0,144700.0,142600.0,141800.0,141300.0,144400.0,145100.0,145500.0,143400.0,143800.0,144400.0,146200.0,146000.0,145500.0,146600.0,145300.0,144500.0,144900.0,146100.0,146700.0,146300.0,147000.0,149300.0,151100.0,152000.0,152400.0,152900.0,154100.0,155300.0,156000.0,157800.0,158100.0,159000.0,158400.0,156900.0,156700.0,156500.0,156300.0,157200.0,158900.0,161500.0,161600.0,160400.0,160800.0,161300.0,162600.0,162300.0,162700.0,163900.0,164700.0,163600.0,162100.0,160900.0,161900.0,162900.0,164300.0,164900,166000,166700,166500,167200,168000,169600,171000,172400,171200,169600,168400,169100,168300,168000,168200,167800,170800,169400,170700,167500,168400,168200,171300,174900,177300,177100,175700,175600,178000,179600,182400,182900,
25,24,Kentucky,26,116700.0,115200.0,114000.0,112300.0,111900.0,112300.0,111200.0,110000.0,105800.0,102800.0,103800.0,105600.0,107300.0,107600.0,108200.0,109700.0,110700.0,112400.0,112900.0,113900.0,114500.0,113900.0,111900.0,109200.0,111400.0,113300.0,115900.0,115100.0,112400.0,110200.0,109400.0,109400.0,111400.0,113100.0,115200.0,114500.0,112100.0,110900.0,110000.0,110600.0,111200.0,111400.0,111300.0,110600.0,110500.0,108800.0,108400.0,107400.0,109800.0,112000.0,114600.0,116400.0,117500.0,118200.0,118200.0,118900.0,118400.0,115900.0,113700.0,112300.0,113600.0,114300.0,115600.0,115800.0,116600.0,116700.0,117100.0,117100.0,117700.0,115700.0,113800.0,112200.0,112900.0,114500.0,117700.0,121000.0,123200.0,124100.0,124200.0,125100.0,125700.0,126300.0,126700.0,127400.0,130200.0,131100.0,132300.0,132500.0,132900.0,133300.0,133000.0,134700.0,134300.0,135900.0,136800.0,137300.0,137000.0,136000.0,137200.0,137600.0,139600.0,140000.0,140400.0,140300.0,140400.0,139400.0,139400.0,140200.0,141400.0,142100.0,141800.0,142900,144000,144600,146100,146000,146900,146500,147400,149600,149700,150400,147900,148100,147300,148600,149500,150500,151800,153100,154400,155600,156500,156500,156300,156600,158500,159300,160500,162100,163500,165200,166500,170100,
26,46,Oregon,27,253100.0,247200.0,242800.0,241100.0,240800.0,239000.0,234500.0,233700.0,230800.0,229400.0,228700.0,229700.0,227200.0,221100.0,213500.0,211700.0,210600.0,212300.0,210000.0,210400.0,210200.0,211700.0,211100.0,209600.0,210500.0,209200.0,207500.0,203600.0,201900.0,202000.0,202600.0,202500.0,200800.0,199900.0,195900.0,190500.0,185100.0,181600.0,180400.0,180800.0,183500.0,186800.0,188500.0,189100.0,191400.0,189600.0,188000.0,183600.0,182900.0,182800.0,184900.0,191300.0,195600.0,198500.0,200300.0,203700.0,208200.0,207600.0,207300.0,204800.0,207400.0,213100.0,221200.0,225600.0,227900.0,228000.0,230900.0,231600.0,233100.0,231700.0,231200.0,231200.0,232000.0,233200.0,234000.0,235400.0,237100.0,239300.0,240200.0,241500.0,241300.0,242600.0,243200.0,244500.0,246100.0,248700.0,251000.0,253100.0,253300.0,253400.0,253100.0,254500.0,256300.0,258800.0,261000.0,262000.0,264100.0,266300.0,269900.0,271400.0,270600.0,272700.0,276500.0,281200.0,284400.0,287200.0,289900.0,291000.0,291600.0,292300.0,294000.0,295400,297700,299500,301600,303500,306300,309100,313000,315900,317300,319000,318200,320700,321100,324300,324400,325900,325700,326800,328500,333200,335700,335400,334700,336000,337200,337300,337300,341300,346000,350900,355000,359600,
27,45,Oklahoma,28,97000.0,98700.0,98100.0,102200.0,102400.0,104400.0,101600.0,101600.0,97400.0,95000.0,92300.0,95300.0,99700.0,101900.0,102300.0,104200.0,106100.0,106100.0,105000.0,105200.0,106300.0,104400.0,101800.0,99800.0,101800.0,106200.0,107700.0,107400.0,102800.0,99800.0,98800.0,99800.0,102200.0,103100.0,103200.0,104200.0,101200.0,101000.0,99900.0,101700.0,104600.0,106100.0,107200.0,107500.0,106200.0,107900.0,104100.0,105200.0,103900.0,108400.0,109700.0,110400.0,110400.0,111900.0,114700.0,117100.0,118000.0,117400.0,116700.0,116000.0,116500.0,117600.0,117700.0,118300.0,118600.0,119800.0,121100.0,121100.0,121400.0,121600.0,120100.0,119000.0,119400.0,122100.0,123700.0,123700.0,124600.0,125500.0,126000.0,126200.0,126500.0,126800.0,125200.0,125600.0,126500.0,128600.0,129200.0,129800.0,130100.0,130400.0,130500.0,130800.0,130900.0,130300.0,131300.0,130700.0,129800.0,128200.0,128500.0,129300.0,129900.0,128600.0,129100.0,129400.0,131400.0,132000.0,132600.0,133200.0,132900.0,133400.0,133800.0,134400,133700,133000,132100,131400,131200,131700,132100,133400,134000,134100,134400,134700,134500,134100,134600,137600,139200,140300,140900,144300,146700,148300,147000,147000,146900,147000,147700,149400,151400,152600,151600,154900,
28,11,Connecticut,29,267300.0,265600.0,255800.0,243100.0,237100.0,237800.0,238400.0,237000.0,233100.0,230300.0,228900.0,228900.0,231900.0,228000.0,223200.0,216300.0,215700.0,216000.0,217500.0,220400.0,224800.0,229600.0,234000.0,239400.0,245600.0,244100.0,235600.0,225500.0,222400.0,228900.0,231500.0,238100.0,239900.0,245600.0,247300.0,246000.0,242900.0,240400.0,236200.0,234600.0,227500.0,227400.0,228100.0,226400.0,223500.0,217300.0,221100.0,221900.0,225400.0,226800.0,226300.0,225900.0,224400.0,224000.0,221100.0,220600.0,220700.0,223300.0,220000.0,217000.0,217800.0,222400.0,228300.0,229400.0,230100.0,233800.0,232800.0,231900.0,227000.0,227000.0,226700.0,226100.0,221100.0,219600.0,220400.0,223400.0,223100.0,221700.0,220700.0,219800.0,221700.0,221000.0,219400.0,216700.0,219400.0,221000.0,221500.0,219800.0,220800.0,219500.0,219800.0,218500.0,216200.0,214800.0,216000.0,221200.0,222800.0,223200.0,221400.0,222300.0,219100.0,219600.0,220600.0,224100.0,223500.0,222600.0,223600.0,226400.0,227100.0,226500.0,224100.0,224300,223500,225600,224800,229300,230400,232600,235300,239400,245600,245600,241500,237100,234400,237200,236500,235900,234700,235300,235500,234200,239000,241400,245900,241100,239000,237300,238400,240700,243400,251000,255000,258600,
29,19,Iowa,30,116200.0,117400.0,114200.0,111900.0,112000.0,111800.0,111200.0,111500.0,112300.0,113300.0,112600.0,112100.0,111600.0,111200.0,110600.0,112100.0,112800.0,113100.0,110200.0,110500.0,110600.0,110900.0,109000.0,107300.0,109100.0,112000.0,113500.0,112600.0,109300.0,108600.0,109400.0,112400.0,113500.0,113500.0,111400.0,107700.0,105300.0,104800.0,106400.0,108400.0,110900.0,113400.0,112100.0,113000.0,110500.0,111200.0,107600.0,106600.0,107700.0,110400.0,114300.0,115500.0,116900.0,117100.0,115700.0,116000.0,117100.0,119800.0,118500.0,117500.0,116900.0,119900.0,121100.0,123300.0,123300.0,123700.0,121500.0,122200.0,122000.0,120500.0,117700.0,114800.0,116300.0,117200.0,120400.0,121000.0,123100.0,124400.0,125900.0,125100.0,125200.0,125100.0,126700.0,126700.0,129300.0,130400.0,131500.0,130300.0,130300.0,130000.0,130100.0,129600.0,130700.0,131900.0,133500.0,135100.0,134700.0,134800.0,132900.0,134300.0,134200.0,134900.0,134700.0,135800.0,136500.0,136900.0,137200.0,136900.0,137600.0,137900.0,138300.0,137200,136800,137600,138600,140000,139700,137400,137100,139500,142200,141600,141200,142100,143800,143700,143800,144100,144900,146000,147100,148600,150200,151600,151400,152300,151300,153100,154400,155500,155600,156600,159300,160300,
30,34,Mississippi,31,,,,,,,,,,,,,,,,,,,,,,,,,,,,,,,,,,,,,,,,,,,,,,,,,,,,,,,,,,,,,,,,,,,,,,,,,,,,,,,,,,,,,,,,,,,,,,,,,,,142800.0,143200.0,142900.0,142700.0,142000.0,143100.0,144400.0,145500.0,146000.0,145200.0,145800.0,147700.0,148800.0,148300,147200,148300,150000,152800,153100,152300,152100,152800,154400,154100,154600,155400,156700,157400,158200,158700,159600,160300,159400,160100,160700,162100,162800,163300,162800,163100,163000,163400,163900,168200,171200,175300,
31,6,Arkansas,32,116200.0,117300.0,115400.0,115500.0,114800.0,113700.0,111400.0,110200.0,108100.0,105800.0,104900.0,106700.0,109900.0,111200.0,110800.0,111100.0,114100.0,115900.0,117500.0,117100.0,117500.0,115900.0,113800.0,114400.0,115200.0,116000.0,117100.0,116400.0,116100.0,113700.0,115000.0,114800.0,114100.0,114600.0,114500.0,113700.0,110900.0,111800.0,112400.0,110700.0,108800.0,108400.0,110300.0,110300.0,111300.0,115600.0,116500.0,118600.0,116200.0,118700.0,119500.0,121500.0,122100.0,122300.0,124700.0,125700.0,125100.0,123000.0,123900.0,124000.0,124400.0,124300.0,124500.0,125000.0,124700.0,125800.0,125500.0,124100.0,122000.0,121000.0,119600.0,118800.0,118100.0,117800.0,118000.0,118300.0,119800.0,119700.0,120300.0,120700.0,121300.0,122600.0,122400.0,127200.0,127600.0,130000.0,128100.0,128000.0,127700.0,127700.0,128400.0,127900.0,126300.0,125600.0,125900.0,127000.0,127700.0,127500.0,129500.0,129300.0,129800.0,129900.0,130200.0,131100.0,131700.0,132600.0,133700.0,134400.0,133900.0,133700.0,132300.0,133200,132600,133400,133700,135400,137400,137600,138000,139200,140500,139900,137900,138300,138900,138300,137600,137800,139800,140700,142300,143000,142800,141300,142100,143800,146800,147300,149800,151100,154200,154300,154700,156800,
32,23,Kansas,33,148200.0,148100.0,149000.0,146100.0,144000.0,141300.0,142900.0,143500.0,142000.0,139800.0,138000.0,140700.0,142200.0,145500.0,143800.0,142200.0,142200.0,143900.0,145200.0,145400.0,144900.0,143200.0,144900.0,145200.0,149100.0,149400.0,148200.0,144900.0,141400.0,142200.0,144500.0,144400.0,146100.0,145800.0,145500.0,142600.0,142400.0,142900.0,141100.0,138900.0,138300.0,140000.0,141300.0,142600.0,142000.0,141800.0,141200.0,145700.0,147000.0,150300.0,146300.0,146000.0,144700.0,146300.0,146800.0,148400.0,148200.0,149100.0,148300.0,150000.0,151900.0,153100.0,153500.0,153900.0,153200.0,153400.0,152100.0,151900.0,151300.0,151700.0,152200.0,152500.0,150800.0,149500.0,148800.0,151200.0,153400.0,154400.0,155700.0,156600.0,156400.0,155400.0,156700.0,160000.0,162200.0,162200.0,161200.0,160600.0,159600.0,159400.0,159300.0,159600.0,160800.0,161000.0,159900.0,158300.0,158100.0,160800.0,162400.0,163300.0,164200.0,164200.0,163300.0,162100.0,162600.0,164400.0,164600.0,164400.0,163800.0,163500.0,164200.0,165900,168300,170300,171900,169900,169500,168000,172200,174800,176700,175900,175300,174500,174800,173800,174700,176200,178100,180200,183100,183500,183500,181400,184300,189100,191900,191500,188600,188600,191000,193100,196900,198700,
33,55,Utah,34,212300.0,209600.0,206500.0,204200.0,202000.0,201800.0,201700.0,203600.0,205200.0,205500.0,209200.0,209700.0,210900.0,205700.0,202300.0,199700.0,197300.0,197000.0,195600.0,196000.0,194100.0,197300.0,200700.0,202200.0,198800.0,191500.0,186200.0,186300.0,189700.0,195300.0,192400.0,188700.0,186000.0,186800.0,187700.0,185500.0,182300.0,177800.0,174400.0,172900.0,172700.0,173100.0,172300.0,173200.0,173000.0,175200.0,174500.0,176700.0,175800.0,179000.0,179100.0,180200.0,180400.0,183100.0,185600.0,187700.0,190900.0,194200.0,196400.0,196600.0,197400.0,198800.0,201500.0,204200.0,206500.0,207000.0,208300.0,208100.0,208000.0,209400.0,209600.0,210900.0,210700.0,209300.0,208900.0,207800.0,210800.0,212000.0,212300.0,213300.0,215100.0,217900.0,218700.0,217700.0,219100.0,219000.0,221400.0,221700.0,223900.0,224200.0,225400.0,225800.0,228500.0,229700.0,230600.0,231400.0,232500.0,235400.0,236900.0,239000.0,239900.0,241800.0,243400.0,243800.0,244000.0,245500.0,249600.0,252200.0,253400.0,254700.0,255900.0,256900,257200,259300,261400,264600,267200,269600,272000,275400,278400,280500,281000,284300,286300,288400,290000,294000,295700,296300,297500,300300,302100,302400,303700,306100,306600,309800,313100,316800,318500,322000,325600,330100,
34,42,Nevada,35,245600.0,242800.0,237800.0,229900.0,221700.0,210500.0,201600.0,193100.0,185000.0,178100.0,168900.0,161200.0,152800.0,144900.0,138600.0,133600.0,131000.0,128600.0,127500.0,128800.0,130500.0,131800.0,131800.0,131000.0,130700.0,132000.0,133600.0,133800.0,131300.0,128800.0,127500.0,127100.0,126700.0,125600.0,123500.0,122400.0,119500.0,118200.0,116600.0,115300.0,113900.0,111300.0,111700.0,113100.0,115000.0,114600.0,113600.0,113100.0,114400.0,116800.0,118600.0,120600.0,122200.0,124800.0,127500.0,131100.0,135400.0,139400.0,141200.0,142500.0,145300.0,149800.0,154000.0,157600.0,161400.0,164700.0,166800.0,168400.0,170400.0,172000.0,172600.0,173100.0,175500.0,177500.0,178900.0,174100.0,174700.0,177400.0,183600.0,186200.0,189700.0,192700.0,192900.0,193900.0,194900.0,198300.0,198400.0,197100.0,199900.0,202000.0,207000.0,206100.0,206800.0,206500.0,208500.0,210200.0,210500.0,209800.0,210400.0,209800.0,209300.0,207000.0,208600.0,210300.0,213400.0,215500.0,219600.0,222400.0,226400.0,227600.0,231100.0,233900,238200,240500,243800,246500,249700,252200,253900,256800,259700,264300,268100,270300,270000,270600,271700,274400,275400,277800,280100,281500,282700,280900,281900,281500,282500,282400,285400,288700,291500,294100,295900,299100,
35,41,New Mexico,36,186500.0,184400.0,180900.0,182000.0,183800.0,183900.0,180900.0,179100.0,176400.0,177400.0,178100.0,182300.0,184300.0,183200.0,179500.0,176300.0,174700.0,174800.0,174500.0,174500.0,173500.0,173600.0,177100.0,180100.0,181800.0,178500.0,175100.0,172800.0,175700.0,179100.0,179700.0,178000.0,175600.0,177300.0,175500.0,176300.0,171900.0,171000.0,166600.0,167700.0,168600.0,169100.0,167900.0,170600.0,171700.0,174100.0,172100.0,172300.0,168100.0,166900.0,166800.0,168700.0,167100.0,165600.0,166400.0,169500.0,170900.0,172300.0,170000.0,172100.0,172900.0,171100.0,168300.0,166000.0,169900.0,173000.0,174400.0,172600.0,170600.0,174300.0,175700.0,175700.0,170300.0,168500.0,169400.0,169600.0,171500.0,171900.0,172700.0,174400.0,174900.0,176600.0,174300.0,173400.0,172900.0,173700.0,175000.0,177500.0,177600.0,177600.0,175300.0,177500.0,177300.0,178100.0,177400.0,177300.0,178200.0,178700.0,180800.0,181600.0,180400.0,179500.0,180600.0,183200.0,183600.0,183100.0,183700.0,185000.0,184800.0,187200.0,187300.0,188300,186300,185700,186300,184800,186200,183900,185900,186800,189200,190100,189700,190000,189700,190400,188700,187800,189700,193800,196600,197100,197200,200700,204200,209900,210500,210500,207400,210000,210500,213600,215600,220300,
36,61,West Virginia,37,100900.0,102900.0,106800.0,107000.0,104500.0,104500.0,103700.0,100800.0,99100.0,93100.0,95900.0,97700.0,102900.0,103600.0,102700.0,104000.0,106200.0,108600.0,109000.0,106900.0,105400.0,102800.0,105200.0,100000.0,98800.0,96200.0,100000.0,101200.0,96900.0,92600.0,92000.0,93800.0,95800.0,96300.0,102500.0,101000.0,98000.0,95500.0,97500.0,98900.0,94900.0,95500.0,96000.0,99500.0,97000.0,98300.0,97500.0,98200.0,98600.0,100100.0,104500.0,104800.0,103700.0,102900.0,105800.0,106200.0,107000.0,106100.0,105200.0,105700.0,106000.0,109700.0,110700.0,112300.0,114400.0,116100.0,117500.0,113200.0,111700.0,107300.0,109600.0,106200.0,103400.0,102500.0,107800.0,111200.0,113400.0,114900.0,115500.0,111900.0,113000.0,114500.0,122700.0,125400.0,131200.0,133600.0,132400.0,133000.0,130700.0,131700.0,132000.0,129900.0,129600.0,130000.0,133600.0,134100.0,135100.0,134100.0,134100.0,133300.0,134400.0,134400.0,131900.0,131300.0,131400.0,133700.0,133500.0,133300.0,132500.0,132300.0,132400.0,131700,132700,132000,133200,132300,133100,132400,136900,136800,137400,133100,133200,130700,130300,129400,132000,134400,137800,138200,136500,134500,136000,138900,141600,142500,142300,142800,143700,143500,143500,142200,145300,145400,
37,38,Nebraska,38,124900.0,125800.0,124200.0,121900.0,120300.0,120000.0,120200.0,120200.0,118300.0,116200.0,115000.0,117700.0,121000.0,122800.0,122200.0,121100.0,120600.0,121600.0,123300.0,123800.0,121700.0,120400.0,119400.0,120300.0,122900.0,124700.0,125100.0,121900.0,119500.0,120500.0,121700.0,122600.0,123400.0,125200.0,125100.0,123600.0,120700.0,121600.0,121100.0,121300.0,120600.0,121600.0,121900.0,122500.0,123900.0,126300.0,125000.0,123500.0,123300.0,126200.0,126900.0,126500.0,127300.0,129200.0,131000.0,131400.0,130100.0,131000.0,130100.0,129100.0,127200.0,127200.0,128500.0,130300.0,131700.0,132400.0,132300.0,132600.0,132500.0,132000.0,129200.0,129800.0,130300.0,132700.0,132200.0,132300.0,132300.0,134300.0,134600.0,136100.0,136200.0,138500.0,137700.0,138400.0,137500.0,137700.0,138500.0,140000.0,141900.0,142100.0,142500.0,143500.0,143500.0,146000.0,146400.0,148400.0,147300.0,146800.0,145900.0,145200.0,145600.0,146800.0,147700.0,148100.0,148900.0,149700.0,151500.0,150500.0,151100.0,152200.0,154500.0,154600,155100,155200,156200,155900,156600,156600,157400,158900,160600,163200,164800,166500,166500,166200,166900,167800,170700,172300,175400,177100,179800,180100,180600,178800,178300,176400,177900,179200,182100,183800,183800,186000,188400.0
38,20,Idaho,39,179600.0,177100.0,172900.0,171300.0,168300.0,166900.0,166200.0,168000.0,167000.0,164900.0,163800.0,166200.0,164200.0,160400.0,154500.0,152900.0,151600.0,151100.0,151000.0,149200.0,148400.0,148800.0,151600.0,151300.0,148900.0,145000.0,143400.0,140900.0,139500.0,139700.0,139900.0,139800.0,137900.0,136400.0,134900.0,133500.0,130100.0,127300.0,124900.0,125200.0,125200.0,125500.0,126700.0,127700.0,129300.0,129400.0,128300.0,130400.0,130400.0,133800.0,134900.0,138700.0,141700.0,143200.0,144500.0,143400.0,145800.0,147800.0,150800.0,149400.0,150500.0,152200.0,155200.0,157700.0,158700.0,159800.0,159100.0,159700.0,160400.0,163400.0,163800.0,163700.0,161500.0,162000.0,162700.0,163800.0,164100.0,164700.0,164400.0,165400.0,167300.0,168900.0,170100.0,170300.0,172200.0,173900.0,175500.0,175600.0,176600.0,177400.0,178600.0,179200.0,179900.0,182600.0,183300.0,185300.0,184800.0,185900.0,185500.0,186500.0,187100.0,188900.0,191100.0,194600.0,196100.0,197000.0,197900.0,198400.0,199000.0,199100.0,201400.0,203100,205900,208500,211300,213400,215000,216800,219600,222900,229500,231900,234100,233200,235300,236200,237400,238300,239800,242300,245800,249200,249900,251900,254100,258400,260200,261300,263600,265700,268500,271600,277800,285100,
39,18,Hawaii,40,408200.0,392800.0,385400.0,382500.0,402100.0,411700.0,402100.0,404200.0,397800.0,413100.0,393100.0,390400.0,385900.0,385900.0,390700.0,388900.0,395600.0,383600.0,375000.0,376400.0,382500.0,398100.0,388600.0,390400.0,382300.0,383300.0,384100.0,380300.0,391400.0,384300.0,394700.0,393800.0,398600.0,396800.0,382200.0,388100.0,376100.0,382500.0,375500.0,371000.0,362500.0,349500.0,358900.0,370600.0,404700.0,415400.0,406600.0,392500.0,382100.0,385100.0,379700.0,381500.0,384600.0,387700.0,392900.0,400300.0,414800.0,423400.0,425600.0,420300.0,422900.0,424500.0,427400.0,430300.0,424100.0,425600.0,420700.0,423200.0,416700.0,419400.0,428400.0,435300.0,444400.0,440600.0,437700.0,429500.0,429900.0,430800.0,441500.0,439300.0,440100.0,430100.0,434000.0,427600.0,431800.0,440200.0,454200.0,447300.0,444200.0,447700.0,461000.0,468300.0,472000.0,473300.0,463300.0,467300.0,469600.0,486400.0,476900.0,479400.0,481900.0,488300.0,490400.0,502400.0,508200.0,511100.0,507500.0,508300.0,500600.0,493200.0,493600.0,509100,516500,521400,523500,528900,529300,526700,519700,522500,524100,525200,529800,528700,535900,532900,538400,541200,548300,561600,560600,557000,554000,558700,568800,566700,575300,569400,571400,573900,577900,591100,593500,608900,
40,28,Maine,41,,,,,,,,,,,,,,,,,,,,,,,,,,,,,,,,,,,,,,,,,,,,,,,,,,,,,,,,,,,,,,,,,,,,,,,,,,,,,,,,,,,,,,,,,,,,,,,,,,,,,,,,,,,,,,,,194600,197100,198600,203600,202500,206700,209200,213500,211400,210800,208800,213400,214400,217800,216600,215700,215200,215600,217800,217000,221700,222400,226400,224000,225200,225600,226600,229400,228900,230600,228100,233500,238500,241500.0
41,39,New Hampshire,42,,,,,,,,,,,,,,,,,,,,,,,,,,,,,,,,,,,,,,,,,,,,,,,,,,,,,,,,,,,,,,,,,,,,,,,,,,,,,,,,,,,,,,,,,,,,,,,,,,,,,,,,,,,,,,,,243200,243200,242000,241900,245600,249000,251500,251600,249300,248200,251200,254400,256200,255800,256300,257300,257000,259700,260100,262000,259800,262200,262000,265400,266800,266900,269500,270200,273600,275400,280000,280500,282800,284300.0
42,50,Rhode Island,43,,,,,,,,,,,,,,,,,,,,,,,,,,,,,,,,,,,,,,,,,,,,,,,,,,,,,,,,,,,,,,,,,,,,,,,,,,,,,,,,,,,,,,,,,,,,,,,,,,,,,,,,,,,,,,,,232800,232000,236400,240300,240200,242100,242700,241500,243900,247100,251800,251500,247100,240700,237800,241100,247200,249500,249100,248600,249200,250900,256800,259500,257200,254600,253900,263000,264500,270800,269200,279500,280800,286600.0
43,35,Montana,44,199100.0,196200.0,192400.0,190200.0,192500.0,193600.0,193200.0,189400.0,187100.0,188000.0,187300.0,191200.0,189900.0,189400.0,183900.0,181100.0,182200.0,182300.0,183400.0,184700.0,184900.0,188200.0,190800.0,192700.0,191300.0,187000.0,184800.0,182300.0,184600.0,184900.0,186900.0,186300.0,190600.0,194200.0,195500.0,189600.0,182800.0,180300.0,181300.0,181400.0,179600.0,176100.0,177300.0,177600.0,182700.0,185600.0,184500.0,185000.0,182500.0,187100.0,185400.0,185000.0,184400.0,188200.0,192000.0,193900.0,195400.0,196200.0,193000.0,189700.0,192500.0,197500.0,202300.0,203100.0,205700.0,206600.0,206100.0,205300.0,204900.0,206000.0,205700.0,206900.0,209100.0,209200.0,209700.0,207400.0,212600.0,215200.0,218600.0,214100.0,217600.0,217200.0,218400.0,213600.0,214600.0,218300.0,223700.0,227000.0,227600.0,225800.0,225700.0,228600.0,231600.0,229400.0,229100.0,227800.0,231000.0,232700.0,233100.0,235200.0,233000.0,234200.0,235100.0,238400.0,239000.0,239400.0,240800.0,245500.0,245700.0,247700.0,245600.0,246300,247500,249300,250500,252900,253700,256200,256300,262100,261600,263000,262100,264600,263700,264900,265400,268000,269600,276200,281700,282900,281700,280600,283200,288600,292700,293100,294500,295900,298700,300800,300000,302400,
44,13,Delaware,45,229800.0,227100.0,225200.0,220300.0,218900.0,216700.0,214200.0,215300.0,214100.0,214400.0,209600.0,210900.0,209000.0,210600.0,209100.0,206900.0,207400.0,207100.0,206100.0,202700.0,199400.0,201100.0,203300.0,208300.0,209900.0,208900.0,205200.0,198800.0,202600.0,202100.0,206000.0,201600.0,202800.0,202100.0,201500.0,195100.0,191400.0,184800.0,184000.0,179200.0,184300.0,184200.0,187700.0,183200.0,182100.0,183700.0,183400.0,183100.0,178900.0,178300.0,176200.0,178500.0,182300.0,182900.0,179600.0,180600.0,185100.0,187900.0,186800.0,185500.0,184100.0,182700.0,182500.0,190000.0,193000.0,198400.0,196500.0,199400.0,196300.0,198000.0,190600.0,192300.0,190300.0,197400.0,198400.0,196600.0,195600.0,192200.0,195900.0,196900.0,196600.0,193600.0,192400.0,194000.0,198600.0,202300.0,203000.0,203100.0,201800.0,206600.0,205000.0,204900.0,205100.0,205100.0,206000.0,205800.0,208400.0,212900.0,212800.0,215200.0,215500.0,215900.0,214200.0,213800.0,215800.0,219700.0,219300.0,219300.0,218900.0,217500.0,218300.0,217200,219500,220000,222300,220300,219600,219900,224000,224600,226500,223700,225100,223100,222500,220600,222000,224500,229000,229600,231000,231400,229500,227500,223900,225500,228100,233400,234400,238000,239200,242300,238700,243500,
45,52,South Dakota,46,127000.0,123700.0,123900.0,126100.0,131800.0,132700.0,134500.0,130600.0,130000.0,128100.0,125100.0,126500.0,124400.0,126200.0,123900.0,125700.0,126900.0,128700.0,127600.0,131000.0,128000.0,129000.0,125000.0,130600.0,130100.0,131000.0,125300.0,124500.0,124500.0,126900.0,129600.0,132800.0,135400.0,132400.0,129200.0,125800.0,131300.0,136500.0,138800.0,133900.0,133300.0,134700.0,138000.0,137900.0,136800.0,135400.0,131600.0,133400.0,134300.0,138200.0,136500.0,137600.0,137700.0,141400.0,144200.0,146400.0,147400.0,147400.0,148900.0,146900.0,146000.0,145200.0,147800.0,150000.0,149300.0,149800.0,149700.0,152200.0,151400.0,151500.0,149000.0,149600.0,149700.0,153700.0,153700.0,156600.0,154100.0,158500.0,157900.0,160900.0,161900.0,165500.0,170600.0,176500.0,180700.0,178300.0,174300.0,170300.0,173000.0,172500.0,173000.0,173200.0,174600.0,175000.0,173500.0,176500.0,175900.0,177300.0,175000.0,177400.0,179600.0,179900.0,182200.0,182500.0,182800.0,182900.0,180700.0,180200.0,180900.0,183700.0,185000.0,183300,182500,183800,187600,188900,188200,188800,191000,194000,195000,194600,196300,196700,200700,198600,197500,194700,199000,197800,200800,201800,206800,206500,204400,202100,203400,205700,205500,206300,208200,214500,212100,211300,208000.0
46,37,North Dakota,47,,,,,,,,,,,,,,,,,,,,,,138500.0,141100.0,141800.0,140400.0,140900.0,142400.0,144300.0,144500.0,145400.0,143800.0,147000.0,148200.0,149200.0,147500.0,149300.0,151300.0,148400.0,146700.0,145300.0,150000.0,151600.0,155100.0,153900.0,155800.0,156200.0,161000.0,163000.0,161300.0,157300.0,157300.0,164200.0,169500.0,171900.0,175000.0,180600.0,186300.0,189800.0,184900.0,184800.0,184400.0,188600.0,184700.0,180900.0,181000.0,182800.0,184500.0,185700.0,187500.0,190200.0,193700.0,198500.0,200100.0,192800.0,190400.0,194200.0,199600.0,202400.0,201800.0,205100.0,205700.0,209400.0,204900.0,204800.0,202000.0,207000.0,209200.0,211000.0,215200.0,215900.0,214500.0,212500.0,213800.0,213800.0,214600.0,207700.0,209600.0,209400.0,214500.0,213700.0,215200.0,215200.0,217400.0,217000.0,219200.0,220600.0,221400.0,219500.0,211000.0,204600.0,208900.0,212000,215700,213200,215200,219300,218300,215800,211200,206200,206800,209400,215100,217600,217000,215800,214400,212700,210200,209400,211200,214200,215400,214800,215900,217200,223000,225200,227000,224800,221600,220600,217400,222300,
47,12,District of Columbia,48,383000.0,380900.0,382100.0,382400.0,386800.0,383200.0,386100.0,371200.0,371800.0,354100.0,356600.0,346000.0,352800.0,354800.0,360300.0,365000.0,359900.0,358900.0,359700.0,355100.0,355700.0,347300.0,358100.0,349400.0,344900.0,343200.0,352300.0,352100.0,349200.0,364100.0,377900.0,381700.0,379800.0,388800.0,401100.0,386000.0,376200.0,362800.0,370300.0,378500.0,380700.0,383200.0,384600.0,383900.0,379300.0,379800.0,382600.0,391200.0,381400.0,386400.0,389000.0,397600.0,401600.0,408200.0,415900.0,420800.0,422500.0,428600.0,441900.0,453700.0,455100.0,451200.0,443500.0,447800.0,451100.0,453500.0,459300.0,453300.0,458700.0,456800.0,461700.0,460600.0,461000.0,468800.0,474700.0,479700.0,480900.0,483900.0,479100.0,480300.0,480300.0,481200.0,490700.0,486200.0,495200.0,490000.0,497800.0,505000.0,498000.0,501200.0,495800.0,501800.0,498900.0,498400.0,491200.0,500600.0,493600.0,501300.0,499400.0,505500.0,510800.0,519600.0,524600.0,534100.0,529600.0,534400.0,537900.0,535500.0,540600.0,529400.0,529300.0,521200,523500,519500,521200,518700,513500,512500,508300,512300,510000,520500,525700,524200,524800,521800,517900,518500,529000,538400,538800,542100,549200,554300,547500,540000,532600,530600,542600,548000,566400,577600,580100,575700,586100.0
48,62,Wyoming,49,189200.0,189300.0,186200.0,183400.0,179700.0,181400.0,181600.0,183500.0,182000.0,181200.0,182900.0,186700.0,189000.0,190700.0,189000.0,187500.0,183700.0,180400.0,179700.0,180500.0,183000.0,184500.0,182700.0,186100.0,183400.0,185900.0,178300.0,178200.0,175100.0,177800.0,174800.0,178100.0,177700.0,180600.0,177400.0,180900.0,177100.0,177700.0,170100.0,171800.0,169700.0,173200.0,173500.0,177000.0,177900.0,178300.0,174800.0,176400.0,178300.0,184100.0,186700.0,189100.0,187300.0,182600.0,180800.0,184100.0,187900.0,188000.0,185100.0,186000.0,190500.0,193000.0,192800.0,194600.0,196700.0,195300.0,191000.0,188300.0,188800.0,193000.0,194300.0,196000.0,193000.0,195400.0,196400.0,196300.0,192600.0,194700.0,199800.0,204600.0,204800.0,204900.0,202100.0,206600.0,208100.0,211900.0,208500.0,207500.0,208000.0,207200.0,205800.0,205400.0,209500.0,208400.0,209200.0,203600.0,204700.0,203700.0,207300.0,209500.0,209600.0,209200.0,209600.0,209900.0,209600.0,202900.0,206900.0,206200.0,215100.0,211300.0,213800.0,212000,212200,213900,213300,216400,216300,218400,215400,216400,214000,214800,212100,214200,217500,219200,225000,223100,222300,216800,222100,223900,226500,226400,229100,231500,235300,235000,238300,236800,240700,241200,239400,240900,
